{"cameraMode":{"drawMode":0,"name":"Shaded","section":"Shading Mode"},"sceneLighting":true,"audioPlay":false,"sceneViewState":{"showFog":true,"showMaterialUpdate":true,"showSkybox":true,"showFlares":true,"showImageEffects":true,"showParticleSystems":true},"in2DMode":false,"pivot":{"x":56.20893859863281,"y":1.0980474948883057,"z":148.7791290283203},"rotation":{"x":-0.11474594473838806,"y":-0.8850297331809998,"z":0.31548675894737246,"w":-0.3229295313358307},"size":24.827245712280275,"orthographic":false}