{"cameraMode":{"drawMode":0,"name":"Shaded","section":"Shading Mode"},"sceneLighting":true,"audioPlay":false,"sceneViewState":{"showFog":true,"showMaterialUpdate":false,"showSkybox":true,"showFlares":true,"showImageEffects":true,"showParticleSystems":true},"in2DMode":false,"pivot":{"x":314.9517517089844,"y":80.60877990722656,"z":589.8345947265625},"rotation":{"x":-0.17010058462619782,"y":0.10349438339471817,"z":-0.018222417682409288,"w":-0.9799236059188843},"size":1015.7276000976563,"orthographic":false}