{"cameraMode":{"drawMode":0,"name":"Shaded","section":"Shading Mode"},"sceneLighting":true,"audioPlay":false,"sceneViewState":{"showFog":true,"showMaterialUpdate":false,"showSkybox":true,"showFlares":true,"showImageEffects":true,"showParticleSystems":true},"in2DMode":false,"pivot":{"x":626.5462036132813,"y":-188.74639892578126,"z":465.1069641113281},"rotation":{"x":-0.29821035265922549,"y":-0.31261754035949709,"z":0.10399629175662995,"w":-0.895885705947876},"size":673.14697265625,"orthographic":false}