{"cameraMode":{"drawMode":0,"name":"Shaded","section":"Shading Mode"},"sceneLighting":true,"audioPlay":false,"sceneViewState":{"showFog":true,"showMaterialUpdate":true,"showSkybox":true,"showFlares":true,"showImageEffects":true,"showParticleSystems":true},"in2DMode":false,"pivot":{"x":289.7709655761719,"y":1.540300726890564,"z":454.2346496582031},"rotation":{"x":-0.10356516391038895,"y":-0.1692713499069214,"z":0.01804717443883419,"w":-0.9800576567649841},"size":16.03313636779785,"orthographic":false}