{"cameraMode":{"drawMode":0,"name":"Shaded","section":"Shading Mode"},"sceneLighting":true,"audioPlay":false,"sceneViewState":{"showFog":true,"showMaterialUpdate":false,"showSkybox":true,"showFlares":true,"showImageEffects":true,"showParticleSystems":true},"in2DMode":false,"pivot":{"x":78.34690856933594,"y":2.477586269378662,"z":511.13079833984377},"rotation":{"x":0.00834940280765295,"y":-0.9914079904556274,"z":0.10089532285928726,"w":0.0844283476471901},"size":7.9607439041137699,"orthographic":false}