{"cameraMode":{"drawMode":0,"name":"Shaded","section":"Shading Mode"},"sceneLighting":true,"audioPlay":false,"sceneViewState":{"showFog":true,"showMaterialUpdate":false,"showSkybox":true,"showFlares":true,"showImageEffects":true,"showParticleSystems":true},"in2DMode":false,"pivot":{"x":286.7557067871094,"y":124.04454040527344,"z":490.128173828125},"rotation":{"x":0.21137313544750215,"y":0.6474999785423279,"z":-0.1993657350540161,"w":0.7049094438552856},"size":109.97802734375,"orthographic":false}