{"cameraMode":{"drawMode":0,"name":"Shaded","section":"Shading Mode"},"sceneLighting":true,"audioPlay":false,"sceneViewState":{"showFog":true,"showMaterialUpdate":false,"showSkybox":true,"showFlares":true,"showImageEffects":true,"showParticleSystems":true},"in2DMode":false,"pivot":{"x":352.62548828125,"y":-116.94144439697266,"z":478.5241394042969},"rotation":{"x":-0.14305570721626283,"y":-0.7406454086303711,"z":0.16663074493408204,"w":-0.6351339817047119},"size":432.6596984863281,"orthographic":false}