{"cameraMode":{"drawMode":0,"name":"Shaded","section":"Shading Mode"},"sceneLighting":true,"audioPlay":false,"sceneViewState":{"showFog":true,"showMaterialUpdate":true,"showSkybox":true,"showFlares":true,"showImageEffects":true,"showParticleSystems":true},"in2DMode":false,"pivot":{"x":72.10844421386719,"y":4.17437219619751,"z":426.2281188964844},"rotation":{"x":0.01683933474123478,"y":-0.48424232006073,"z":-0.009206995368003846,"w":-0.8748350739479065},"size":13.222949028015137,"orthographic":false}