{"cameraMode":{"drawMode":0,"name":"Shaded","section":"Shading Mode"},"sceneLighting":true,"audioPlay":false,"sceneViewState":{"showFog":true,"showMaterialUpdate":false,"showSkybox":true,"showFlares":true,"showImageEffects":true,"showParticleSystems":true},"in2DMode":false,"pivot":{"x":280.80975341796877,"y":4.995999813079834,"z":175.97552490234376},"rotation":{"x":-0.2926417291164398,"y":-0.5550450086593628,"z":0.21705180406570435,"w":-0.7478994727134705},"size":13.36776351928711,"orthographic":false}