{"cameraMode":{"drawMode":0,"name":"Shaded","section":"Shading Mode"},"sceneLighting":true,"audioPlay":false,"sceneViewState":{"showFog":true,"showMaterialUpdate":true,"showSkybox":true,"showFlares":true,"showImageEffects":true,"showParticleSystems":true},"in2DMode":false,"pivot":{"x":163.11001586914063,"y":3.7604150772094728,"z":386.7410583496094},"rotation":{"x":0.07194656878709793,"y":-0.9097337126731873,"z":0.1770900934934616,"w":0.3688812553882599},"size":20.81806182861328,"orthographic":false}