{"cameraMode":{"drawMode":0,"name":"Shaded","section":"Shading Mode"},"sceneLighting":true,"audioPlay":false,"sceneViewState":{"showFog":true,"showMaterialUpdate":false,"showSkybox":true,"showFlares":true,"showImageEffects":true,"showParticleSystems":true},"in2DMode":false,"pivot":{"x":251.36709594726563,"y":-6.063407897949219,"z":476.4517822265625},"rotation":{"x":0.15252816677093507,"y":-0.816841721534729,"z":0.2405289262533188,"w":0.5022242665290833},"size":213.41017150878907,"orthographic":false}