{"cameraMode":{"drawMode":0,"name":"Shaded","section":"Shading Mode"},"sceneLighting":false,"audioPlay":false,"sceneViewState":{"showFog":true,"showMaterialUpdate":false,"showSkybox":false,"showFlares":true,"showImageEffects":true,"showParticleSystems":true},"in2DMode":false,"pivot":{"x":0.058285415172576907,"y":1.3618080615997315,"z":0.47679248452186587},"rotation":{"x":-0.26479572057724,"y":-0.3307601511478424,"z":0.09712290018796921,"w":-0.9006814360618591},"size":6.775720119476318,"orthographic":false}