{"cameraMode":{"drawMode":0,"name":"Shaded","section":"Shading Mode"},"sceneLighting":true,"audioPlay":false,"sceneViewState":{"showFog":true,"showMaterialUpdate":true,"showSkybox":true,"showFlares":true,"showImageEffects":true,"showParticleSystems":true},"in2DMode":false,"pivot":{"x":2.516725540161133,"y":1.1279363632202149,"z":-2.1499996185302736},"rotation":{"x":-0.07146080583333969,"y":0.8614482283592224,"z":-0.12650525569915772,"w":-0.48661887645721438},"size":23.267709732055665,"orthographic":false}