{"cameraMode":{"drawMode":0,"name":"Shaded","section":"Shading Mode"},"sceneLighting":false,"audioPlay":false,"sceneViewState":{"showFog":true,"showMaterialUpdate":false,"showSkybox":true,"showFlares":true,"showImageEffects":true,"showParticleSystems":true},"in2DMode":false,"pivot":{"x":111.10353088378906,"y":21.862377166748048,"z":431.5729064941406},"rotation":{"x":0.05023953691124916,"y":-0.19994045794010163,"z":0.010319258086383343,"w":0.978497326374054},"size":40.76771545410156,"orthographic":false}